<?xml version="1.0" encoding="UTF-8" standalone="yes"?>
<worksheet xmlns="http://schemas.openxmlformats.org/spreadsheetml/2006/main" xmlns:r="http://schemas.openxmlformats.org/officeDocument/2006/relationships" xmlns:mc="http://schemas.openxmlformats.org/markup-compatibility/2006" mc:Ignorable="x14ac" xmlns:x14ac="http://schemas.microsoft.com/office/spreadsheetml/2009/9/ac"><dimension ref="A1:Q3"/><sheetViews><sheetView tabSelected="1" workbookViewId="0"><selection activeCell="A3" sqref="A3"/></sheetView></sheetViews><sheetFormatPr baseColWidth="10" defaultRowHeight="15" x14ac:dyDescent="0"/><cols><col min="1" max="1" width="32.1640625" bestFit="1" customWidth="1"/><col min="2" max="2" width="15.5" bestFit="1" customWidth="1"/><col min="3" max="3" width="15.6640625" bestFit="1" customWidth="1"/><col min="4" max="4" width="28" bestFit="1" customWidth="1"/><col min="5" max="5" width="5.5" bestFit="1" customWidth="1"/><col min="6" max="6" width="5.33203125" bestFit="1" customWidth="1"/><col min="7" max="7" width="12.1640625" bestFit="1" customWidth="1"/><col min="8" max="8" width="11.1640625" bestFit="1" customWidth="1"/><col min="9" max="9" width="6.83203125" bestFit="1" customWidth="1"/><col min="10" max="10" width="6.33203125" bestFit="1" customWidth="1"/><col min="11" max="11" width="5.83203125" bestFit="1" customWidth="1"/><col min="12" max="12" width="6.33203125" bestFit="1" customWidth="1"/><col min="13" max="13" width="10.1640625" bestFit="1" customWidth="1"/><col min="14" max="14" width="34.33203125" bestFit="1" customWidth="1"/><col min="15" max="15" width="13.83203125" bestFit="1" customWidth="1"/><col min="16" max="16" width="9.6640625" bestFit="1" customWidth="1"/><col min="17" max="17" width="8.6640625" bestFit="1" customWidth="1"/></cols><sheetData><row r="1" spans="1:17" ht="16"><c r="A1" s="1" t="s"><v>0</v></c><c r="B1" t="s"><v>1</v></c><c r="C1" t="s"><v>2</v></c><c r="D1" t="s"><v>3</v></c><c r="E1" t="s"><v>4</v></c><c r="F1" t="s"><v>5</v></c><c r="G1" t="s"><v>6</v></c><c r="H1" t="s"><v>7</v></c><c r="I1" t="s"><v>8</v></c><c r="J1" t="s"><v>9</v></c><c r="K1" t="s"><v>10</v></c><c r="L1" t="s"><v>11</v></c><c r="M1" t="s"><v>12</v></c><c r="N1" t="s"><v>13</v></c><c r="O1" t="s"><v>14</v></c><c r="P1" t="s"><v>15</v></c><c r="Q1" t="s"><v>16</v></c></row><row r="2" spans="1:17" ht="16"><c r="A2" s="1" t="s"><v>17</v></c><c r="B2" t="s"><v>18</v></c><c r="C2" t="s"><v>19</v></c><c r="D2" t="s"><v>20</v></c><c r="E2"><v>10</v></c><c r="F2"><v>100</v></c><c r="G2"><v>100</v></c><c r="H2"><v>90</v></c><c r="I2"><v>2</v></c><c r="J2"><v>1</v></c><c r="K2"><v>2</v></c><c r="L2"><v>3</v></c><c r="M2"><v>123456789</v></c><c r="N2" t="s"><v>21</v></c><c r="O2" t="s"><v>22</v></c><c r="P2" t="s"><v>23</v></c><c r="Q2" t="s"><v>24</v></c></row><row r="3" spans="1:17"><c r="A3" t="s"><v>25</v></c><c r="D3" t="s"><v>26</v></c><c r="F3"><v>30</v></c><c r="P3" t="s"><v>27</v></c><c r="Q3" t="s"><v>28</v></c></row></sheetData><pageMargins left="0.75" right="0.75" top="1" bottom="1" header="0.5" footer="0.5"/><pageSetup orientation="portrait" horizontalDpi="4294967292" verticalDpi="4294967292"/><extLst><ext uri="{64002731-A6B0-56B0-2670-7721B7C09600}" xmlns:mx="http://schemas.microsoft.com/office/mac/excel/2008/main"><mx:PLV Mode="0" OnePage="0" WScale="0"/></ext></extLst></worksheet>