<?xml version="1.0" encoding="UTF-8" standalone="yes"?>
<sst xmlns="http://schemas.openxmlformats.org/spreadsheetml/2006/main" count="29" uniqueCount="29"><si><t>title</t></si><si><t>description</t></si><si><t>short_description</t></si><si><t>category</t></si><si><t>stock</t></si><si><t>price</t></si><si><t>regular_price</t></si><si><t>sales_prices</t></si><si><t>weight</t></si><si><t>length</t></si><si><t>width</t></si><si><t>height</t></si><si><t>sku</t></si><si><t>picture</t></si><si><t>tags</t></si><si><t>tax_status</t></si><si><t>tax_class</t></si><si><t>product1</t></si><si><t>very nice product</t></si><si><t>nice product</t></si><si><t>cat1-&gt;subcat1-&gt;subsubcat1|cat2</t></si><si><t>product1.jpg|product2.jpg|product3.jpg</t></si><si><t>tag1|tag2|tag3</t></si><si><t>taxable</t></si><si><t>zero-rate</t></si><si><t>Rose Decorated Tea-for-One</t></si><si><t>Tea Accessories-&gt;Tea For One</t></si><si><t>Taxable</t></si><si><t>Standard</t></si></sst>