<?xml version="1.0" encoding="UTF-8" standalone="yes"?>
<workbook xmlns="http://schemas.openxmlformats.org/spreadsheetml/2006/main" xmlns:r="http://schemas.openxmlformats.org/officeDocument/2006/relationships"><fileVersion appName="xl" lastEdited="5" lowestEdited="5" rupBuild="23117"/><workbookPr showInkAnnotation="0" autoCompressPictures="0"/><bookViews><workbookView xWindow="0" yWindow="0" windowWidth="25600" windowHeight="14320" tabRatio="500"/></bookViews><sheets><sheet name="Sheet1" sheetId="1" r:id="rId1"/></sheets><calcPr calcId="140000" concurrentCalc="0"/><extLst><ext uri="{7523E5D3-25F3-A5E0-1632-64F254C22452}" xmlns:mx="http://schemas.microsoft.com/office/mac/excel/2008/main"><mx:ArchID Flags="2"/></ext></extLst></workbook>